{"count":1,"self":234.3312896,"total":800.81924399999991,"children":{"InitializeActuators":{"count":256,"self":0.001566,"total":0.001566,"children":null},"InitializeSensors":{"count":256,"self":0.0011799999999999998,"total":0.0011799999999999998,"children":null},"AgentSendState":{"count":74151,"self":0.929508,"total":50.965700999999996,"children":{"CollectObservations":{"count":435658,"self":2.314596,"total":2.314596,"children":null},"WriteActionMask":{"count":435658,"self":0.21343299999999998,"total":0.21343299999999998,"children":null},"RequestDecision":{"count":435658,"self":0.648088,"total":47.508164,"children":{"AgentInfo.ToProto":{"count":435658,"self":0.640124,"total":46.860076,"children":{"GenerateSensorData":{"count":435658,"self":46.219952,"total":46.219952,"children":null}}}}}}},"DecideAction":{"count":74151,"self":473.88513279999995,"total":473.885139,"children":null},"AgentAct":{"count":74151,"self":41.6249824,"total":41.634088999999996,"children":{"AgentInfo.ToProto":{"count":38,"self":0.000186,"total":0.009106,"children":{"GenerateSensorData":{"count":38,"self":0.0089199999999999991,"total":0.0089199999999999991,"children":null}}}}}},"gauges":{"Agent1.CumulativeReward":{"count":19,"max":-9100,"min":-21997,"runningAverage":-14957.9482,"value":-15502,"weightedAverage":-16442.8789},"Agent2.CumulativeReward":{"count":19,"max":-6925,"min":-23045,"runningAverage":-13461.4736,"value":-19880,"weightedAverage":-14535.3447}},"metadata":{"timer_format_version":"0.1.0","start_time_seconds":"1746528806","unity_version":"6000.0.37f1","command_line_arguments":"\/Applications\/Unity\/Hub\/Editor\/6000.0.37f1\/Unity.app\/Contents\/MacOS\/Unity -projectpath \/Users\/lgh\/Desktop\/Return Game\/rG2_Tetro-Mok -useHub -hubIPC -cloudEnvironment production","communication_protocol_version":"1.5.0","com.unity.ml-agents_version":"3.0.0","scene_name":"SingleGameScene2","end_time_seconds":"1746529607"}}