{"count":1,"self":228.331776,"total":1058.3262559,"children":{"InitializeActuators":{"count":512,"self":0.0025187,"total":0.0025187,"children":null},"InitializeSensors":{"count":512,"self":0.0029874999999999997,"total":0.0029874999999999997,"children":null},"AgentSendState":{"count":65801,"self":1.4097274,"total":100.57724119999999,"children":{"CollectObservations":{"count":530093,"self":5.1869876,"total":5.1869876999999995,"children":null},"WriteActionMask":{"count":530093,"self":0.306297,"total":0.306297,"children":null},"RequestDecision":{"count":530093,"self":1.0860421999999998,"total":93.674229099999991,"children":{"AgentInfo.ToProto":{"count":530093,"self":1.0444615,"total":92.5881869,"children":{"GenerateSensorData":{"count":530093,"self":91.543724799999993,"total":91.5437254,"children":null}}}}}}},"DecideAction":{"count":65801,"self":541.0368,"total":541.0367854,"children":null},"AgentAct":{"count":65801,"self":188.22598399999998,"total":188.3739541,"children":{"AgentInfo.ToProto":{"count":418,"self":0.002993,"total":0.14797549999999998,"children":{"GenerateSensorData":{"count":418,"self":0.1449825,"total":0.1449825,"children":null}}}}}},"gauges":{"Agent1.CumulativeReward":{"count":209,"max":-399,"min":-1794,"runningAverage":-952.2726,"value":-631,"weightedAverage":-1178.07654},"Agent2.CumulativeReward":{"count":209,"max":-368,"min":-1808,"runningAverage":-951.74646,"value":-1563,"weightedAverage":-1210.80859}},"metadata":{"timer_format_version":"0.1.0","start_time_seconds":"1746538477","unity_version":"6000.0.37f1","command_line_arguments":"C:\\Program Files\\Unity\\Hub\\Editor\\6000.0.37f1\\Editor\\Unity.exe -projectpath D:\\#1 Coding\\[1] Project\\rG2_Tetro-Mok -useHub -hubIPC -cloudEnvironment production","communication_protocol_version":"1.5.0","com.unity.ml-agents_version":"3.0.0","scene_name":"SingleGameScene2","end_time_seconds":"1746539535"}}