{"count":1,"self":15.9562096,"total":30.991502999999998,"children":{"InitializeActuators":{"count":256,"self":0.001059,"total":0.001059,"children":null},"InitializeSensors":{"count":256,"self":0.0010429999999999999,"total":0.0010429999999999999,"children":null},"AgentSendState":{"count":5851,"self":0.057465999999999996,"total":3.0044299999999997,"children":{"CollectObservations":{"count":25930,"self":0.13497299999999998,"total":0.13497299999999998,"children":null},"WriteActionMask":{"count":25930,"self":0.011179999999999999,"total":0.011179999999999999,"children":null},"RequestDecision":{"count":25930,"self":0.044662,"total":2.800811,"children":{"AgentInfo.ToProto":{"count":25930,"self":0.036282999999999996,"total":2.7561489999999997,"children":{"GenerateSensorData":{"count":25930,"self":2.7198659999999997,"total":2.7198659999999997,"children":null}}}}}}},"DecideAction":{"count":5851,"self":10.2831992,"total":10.283199,"children":null},"AgentAct":{"count":5851,"self":1.745294,"total":1.745294,"children":null}},"gauges":{},"metadata":{"timer_format_version":"0.1.0","start_time_seconds":"1746519041","unity_version":"6000.0.37f1","command_line_arguments":"\/Applications\/Unity\/Hub\/Editor\/6000.0.37f1\/Unity.app\/Contents\/MacOS\/Unity -projectpath \/Users\/lgh\/Desktop\/Return Game\/rG2_Tetro-Mok -useHub -hubIPC -cloudEnvironment production","communication_protocol_version":"1.5.0","com.unity.ml-agents_version":"3.0.0","scene_name":"SingleGameScene2","end_time_seconds":"1746519072"}}