{"count":1,"self":367.5559424,"total":1154.097757,"children":{"InitializeActuators":{"count":256,"self":0.0014299999999999998,"total":0.0014299999999999998,"children":null},"InitializeSensors":{"count":256,"self":0.0013,"total":0.0013,"children":null},"AgentSendState":{"count":112567,"self":1.360102,"total":69.761577,"children":{"CollectObservations":{"count":556195,"self":2.9645449999999998,"total":2.9645449999999998,"children":null},"WriteActionMask":{"count":556195,"self":0.303652,"total":0.303652,"children":null},"RequestDecision":{"count":556195,"self":0.91099,"total":65.13327799999999,"children":{"AgentInfo.ToProto":{"count":556195,"self":0.858027,"total":64.222287999999992,"children":{"GenerateSensorData":{"count":556195,"self":63.364262399999994,"total":63.364261,"children":null}}}}}}},"DecideAction":{"count":112567,"self":611.278592,"total":611.27857,"children":null},"AgentAct":{"count":112567,"self":105.44456319999999,"total":105.49859099999999,"children":{"AgentInfo.ToProto":{"count":204,"self":0.00097299999999999991,"total":0.054025,"children":{"GenerateSensorData":{"count":204,"self":0.053051999999999995,"total":0.053051999999999995,"children":null}}}}}},"gauges":{"Agent1.CumulativeReward":{"count":102,"max":-1413.70337,"min":-4795.528,"runningAverage":-3063.00562,"value":-4721.424,"weightedAverage":-3641.52734},"Agent2.CumulativeReward":{"count":102,"max":-1067.999,"min":-4382.72266,"runningAverage":-1935.73743,"value":-1398.20386,"weightedAverage":-2371.162}},"metadata":{"timer_format_version":"0.1.0","start_time_seconds":"1746589945","unity_version":"6000.0.37f1","command_line_arguments":"\/Applications\/Unity\/Hub\/Editor\/6000.0.37f1\/Unity.app\/Contents\/MacOS\/Unity -projectpath \/Users\/lgh\/Desktop\/Return Game\/rG2_Tetro-Mok -useHub -hubIPC -cloudEnvironment production","communication_protocol_version":"1.5.0","com.unity.ml-agents_version":"3.0.0","scene_name":"SingleGameScene2","end_time_seconds":"1746591099"}}