{"count":1,"self":261.71008,"total":1021.067317,"children":{"InitializeActuators":{"count":256,"self":0.0012129999999999999,"total":0.0012129999999999999,"children":null},"InitializeSensors":{"count":256,"self":0.001039,"total":0.001039,"children":null},"AgentSendState":{"count":145484,"self":1.659905,"total":277.771934,"children":{"CollectObservations":{"count":625182,"self":7.3674127999999994,"total":7.367413,"children":null},"WriteActionMask":{"count":625182,"self":205.1641472,"total":205.164151,"children":null},"RequestDecision":{"count":625182,"self":1.040548,"total":63.580465,"children":{"AgentInfo.ToProto":{"count":625182,"self":1.156912,"total":62.539916999999996,"children":{"GenerateSensorData":{"count":625182,"self":61.383008,"total":61.383005,"children":null}}}}}}},"DecideAction":{"count":145484,"self":365.5717888,"total":365.571797,"children":null},"AgentAct":{"count":145484,"self":115.9500544,"total":116.010763,"children":{"AgentInfo.ToProto":{"count":258,"self":0.0014629999999999999,"total":0.060710999999999994,"children":{"GenerateSensorData":{"count":258,"self":0.059247999999999995,"total":0.059247999999999995,"children":null}}}}}},"gauges":{"Agent1.CumulativeReward":{"count":129,"max":-3092.90015,"min":-43793.8,"runningAverage":-9463.987,"value":-5372.50049,"weightedAverage":-10484.6309},"Agent2.CumulativeReward":{"count":129,"max":-2400.99951,"min":-16869.1973,"runningAverage":-8377.68,"value":-2944.19922,"weightedAverage":-4592.21729}},"metadata":{"timer_format_version":"0.1.0","start_time_seconds":"1746750643","unity_version":"6000.0.37f1","command_line_arguments":"\/Applications\/Unity\/Hub\/Editor\/6000.0.37f1\/Unity.app\/Contents\/MacOS\/Unity -projectpath \/Users\/lgh\/Desktop\/Return Game\/rG2_Tetro-Mok -useHub -hubIPC -cloudEnvironment production","communication_protocol_version":"1.5.0","com.unity.ml-agents_version":"3.0.0","scene_name":"SingleGameScene2","end_time_seconds":"1746751664"}}