{"count":1,"self":38.017551999999995,"total":38.282419999999995,"children":{"InitializeActuators":{"count":2,"self":0.00066599999999999993,"total":0.00066599999999999993,"children":null},"InitializeSensors":{"count":2,"self":0.00067499999999999993,"total":0.00067499999999999993,"children":null},"AgentSendState":{"count":505,"self":0.0027259999999999997,"total":0.10745099999999999,"children":{"CollectObservations":{"count":504,"self":0.0034059999999999997,"total":0.0034059999999999997,"children":null},"WriteActionMask":{"count":504,"self":0.00081799999999999993,"total":0.00081799999999999993,"children":null},"RequestDecision":{"count":504,"self":0.100501,"total":0.100501,"children":null}}},"DecideAction":{"count":505,"self":0.059857999999999995,"total":0.059857999999999995,"children":null},"AgentAct":{"count":505,"self":0.096204,"total":0.096204,"children":null}},"gauges":{},"metadata":{"timer_format_version":"0.1.0","start_time_seconds":"1746500081","unity_version":"6000.0.37f1","command_line_arguments":"\/Applications\/Unity\/Hub\/Editor\/6000.0.37f1\/Unity.app\/Contents\/MacOS\/Unity -projectpath \/Users\/lgh\/Desktop\/Return Game\/rG2_Tetro-Mok -useHub -hubIPC -cloudEnvironment production","communication_protocol_version":"1.5.0","com.unity.ml-agents_version":"3.0.0","scene_name":"TitleScene","end_time_seconds":"1746500119"}}